,v0,v1,net_flow,pnl,return_pct
Utilities,284552.5904,672984.4757,153595.1078,234836.77749999997,0.5359762894219399
Consumer Staples,404362.7342,453013.1646,-159118.45140000002,207768.88180000003,0.5138180752760377
Health Care,292903.1063,456564.1773,10360.66199999999,153300.409,0.5055018931518039
