,1-month,3-months,6-months,1-year,2-years,3-years,Total
Portfolio Return,-0.052661,0.061555,0.075736,0.150584,0.312008,0.420411,0.600976
Portfolio Volatility,0.12675,0.108454,0.095266,0.113601,0.105166,0.098009,0.109111
Benchmark Return,-0.086245,-0.066057,-0.029055,0.145569,0.211534,0.508787,0.466023
Benchmark Volatility,0.163943,0.130337,0.120454,0.160499,0.142313,0.130617,0.148296
Alpha,0.033584,0.127612,0.104791,0.005014999999999992,0.10047400000000001,-0.08837600000000001,0.13495299999999993
