,v0,v1,net_flow,pnl,return_pct
Utilities,271792.9271,688675.7493,179010.60960000003,237872.21260000003,0.5276627027846474
Consumer Staples,417344.2138,442327.6979,-191129.10820000002,216112.59230000002,0.5178281743318134
Health Care,292839.8423,467764.3882,16981.300100000015,157943.24579999995,0.5097884688453074
