,v0,v1,net_flow,pnl,return_pct
Health Care,287189.4798,279809.8659,8048.526000000013,-15428.13990000001,-0.052256618717480885
Utilities,331163.04230000003,351140.2885,53038.4223,-33061.176100000004,-0.08605166597795422
Consumer Staples,347047.2969,257553.8339,-52737.286799999994,-36756.17620000002,-0.1059111438940011
