,v0,v1,net_flow,pnl,return_pct
Health Care,287688.4811,264624.0046,944.8910999999989,-24009.36759999999,-0.08318292308681273
Utilities,306934.6811,346998.0805,79840.8012,-39777.40180000001,-0.10284364862906929
Consumer Staples,375047.8786,258455.7255,-69414.85420000002,-47177.29889999998,-0.12579006999347944
