,1-month,3-months,6-months,Total
Portfolio Return,-0.085821,-0.07646,-0.120623,-0.096217
Portfolio Volatility,0.182422,0.148412,0.160281,0.149992
Benchmark Return,-0.100232,-0.067275,-0.228076,-0.259178
Benchmark Volatility,0.202918,0.187147,0.215358,0.210012
Alpha,0.014411000000000007,-0.009184999999999999,0.107453,0.16296100000000002
