,1-month,3-months,6-months,Total
Portfolio Return,-0.085866,-0.076487,-0.119972,-0.094365
Portfolio Volatility,0.182178,0.148453,0.160177,0.14981
Benchmark Return,-0.102394,-0.075592,-0.228552,-0.26298
Benchmark Volatility,0.18509,0.172068,0.199014,0.195939
Alpha,0.016528,-0.000894999999999993,0.10858000000000001,0.168615
