,v0,v1,net_flow,pnl,return_pct
Health Care,286747.6637,279170.2888,7787.195300000008,-15364.570200000002,-0.05216554078578523
Utilities,312277.4228,350758.1927,73874.46960000001,-35393.6997,-0.09165745499788207
Consumer Staples,366852.4083,256829.1623,-73059.21529999998,-36964.03070000003,-0.10075995104214239
