,1-month,3-months,6-months,Total
Portfolio Return,-0.087261,-0.086901,-0.13807,-0.113921
Portfolio Volatility,0.181797,0.148869,0.158751,0.147985
Benchmark Return,-0.102394,-0.075592,-0.228552,-0.26298
Benchmark Volatility,0.18509,0.172068,0.199014,0.195939
Alpha,0.015132999999999994,-0.011309,0.090482,0.149059
Sharpe Ratio,-0.4799914190003136,-0.5837414102331581,-0.8697268048705205,-0.7698145082271851
