,1-month,3-months,6-months,1-year,2-years,3-years,Total
Portfolio Return,-0.049341,0.070675,0.073429,0.14472,0.309438,0.434489,0.596463
Portfolio Volatility,0.130201,0.111169,0.098699,0.115763,0.107555,0.100322,0.112606
Benchmark Return,-0.09074,-0.058118,-0.02006,0.157828,0.226898,0.501617,0.412068
Benchmark Volatility,0.155467,0.125632,0.114879,0.138232,0.127449,0.119015,0.136925
Alpha,0.041399,0.128793,0.09348899999999999,-0.013108000000000009,0.08254,-0.06712799999999997,0.18439499999999998
