,v0,v1,net_flow,pnl,return_pct
Utilities,308352.9384,583906.6166,91118.49830000006,184435.1798999999,0.4616980413508495
Consumer Staples,377404.9665,435050.547,-108160.86609999998,165806.44660000002,0.4393329747026528
Health Care,291860.7919,418337.3407,24046.23829999998,102430.3105,0.3242419468637707
