,1-month,3-months,6-months,1-year,2-years,3-years,Total
Portfolio Return,-0.049341,0.070675,0.073429,0.14472,0.309438,0.434489,0.596463
Portfolio Volatility,0.130201,0.111169,0.098699,0.115763,0.107555,0.100322,0.112606
Benchmark Return,-0.086245,-0.066057,-0.029055,0.145569,0.211534,0.508787,0.466023
Benchmark Volatility,0.163943,0.130337,0.120454,0.160499,0.142313,0.130617,0.148296
Alpha,0.036904,0.13673200000000002,0.10248399999999999,-0.0008490000000000164,0.09790399999999999,-0.07429799999999998,0.13043999999999994
