{
  "metadata": {
    "run_id": "6905e84b-9e16-4106-8c0f-cd9ecce56728",
    "run_name": "cw2_formal_20260420_20260429T031646Z_01_fund_ra3_s30_t50",
    "period_count": 57,
    "bootstrap_paths": 2000,
    "bootstrap_block_size": 6,
    "monte_carlo_paths": 2000,
    "dirichlet_paths": 1000,
    "seed": 20260419
  },
  "summaries": [
    {
      "method": "bootstrap",
      "scenario_key": "stationary_block_e6m",
      "description": "Stationary block bootstrap on monthly return records from the quarterly-rebalanced strategy and benchmark with expected block length 6 periods.",
      "classification": "core",
      "requirement_section": "Part 4 - Stochastic Robustness",
      "path_count": 2000,
      "annualized_return_p05": 0.0327318828970279,
      "annualized_return_p50": 0.12510007019600733,
      "annualized_return_p95": 0.22308736527444867,
      "annualized_volatility_p50": 0.16036202390525334,
      "sharpe_p05": 0.20317328065892554,
      "sharpe_p50": 0.7880017361747255,
      "sharpe_p95": 1.4811055617722042,
      "max_drawdown_p05": -0.2500821842273206,
      "max_drawdown_p50": -0.15503076224232049,
      "max_drawdown_p95": -0.1008669291942772,
      "positive_return_probability": 0.9895,
      "positive_sharpe_probability": 0.9895,
      "annualized_excess_return_p50": 0.016108197917743983
    },
    {
      "method": "local_weight_perturbation",
      "scenario_key": "loose_alpha_100",
      "description": "Loose local weight perturbation around realised quarterly-rebalanced portfolio weights.",
      "classification": "auxiliary",
      "requirement_section": "Part 4 - Stochastic Robustness",
      "path_count": 1000,
      "annualized_return_p05": 0.12162680949142668,
      "annualized_return_p50": 0.14141764528738454,
      "annualized_return_p95": 0.16368014518176863,
      "annualized_volatility_p50": 0.16265419574049672,
      "sharpe_p05": 0.7477058554023538,
      "sharpe_p50": 0.8681536170474293,
      "sharpe_p95": 1.0168359146995507,
      "max_drawdown_p05": -0.19712635715370513,
      "max_drawdown_p50": -0.16897049257777574,
      "max_drawdown_p95": -0.13671508697189028,
      "positive_return_probability": 1.0,
      "positive_sharpe_probability": 1.0,
      "annualized_excess_return_p50": NaN
    },
    {
      "method": "local_weight_perturbation",
      "scenario_key": "medium_alpha_250",
      "description": "Medium local weight perturbation around realised quarterly-rebalanced portfolio weights.",
      "classification": "auxiliary",
      "requirement_section": "Part 4 - Stochastic Robustness",
      "path_count": 1000,
      "annualized_return_p05": 0.12926241204150302,
      "annualized_return_p50": 0.14184356757364758,
      "annualized_return_p95": 0.15616953797464705,
      "annualized_volatility_p50": 0.16126342435069888,
      "sharpe_p05": 0.8005939139023088,
      "sharpe_p50": 0.8812415319964824,
      "sharpe_p95": 0.9664549489142199,
      "max_drawdown_p05": -0.18590214076064368,
      "max_drawdown_p50": -0.16718095032586006,
      "max_drawdown_p95": -0.14919733146965652,
      "positive_return_probability": 1.0,
      "positive_sharpe_probability": 1.0,
      "annualized_excess_return_p50": NaN
    },
    {
      "method": "local_weight_perturbation",
      "scenario_key": "tight_alpha_500",
      "description": "Tight local weight perturbation around realised quarterly-rebalanced portfolio weights.",
      "classification": "auxiliary",
      "requirement_section": "Part 4 - Stochastic Robustness",
      "path_count": 1000,
      "annualized_return_p05": 0.13245439823736027,
      "annualized_return_p50": 0.1421593447271532,
      "annualized_return_p95": 0.15130238638674795,
      "annualized_volatility_p50": 0.16080372710426927,
      "sharpe_p05": 0.821680757422902,
      "sharpe_p50": 0.8834037233744171,
      "sharpe_p95": 0.9424451681032198,
      "max_drawdown_p05": -0.18129199719700162,
      "max_drawdown_p50": -0.1680243872051157,
      "max_drawdown_p95": -0.1536445547471571,
      "positive_return_probability": 1.0,
      "positive_sharpe_probability": 1.0,
      "annualized_excess_return_p50": NaN
    },
    {
      "method": "monte_carlo",
      "scenario_key": "garch_base",
      "description": "Univariate GARCH(1,1) Monte Carlo calibrated on monthly net returns from the quarterly-rebalanced strategy.",
      "classification": "core",
      "requirement_section": "Part 4 - Stochastic Robustness",
      "path_count": 2000,
      "annualized_return_p05": -0.006341461447303997,
      "annualized_return_p50": 0.12442433840832234,
      "annualized_return_p95": 0.2634660535029845,
      "annualized_volatility_p50": 0.15842162618641992,
      "sharpe_p05": -0.04074830983124337,
      "sharpe_p50": 0.7876954491784518,
      "sharpe_p95": 1.7239032924886128,
      "max_drawdown_p05": -0.3612422272863951,
      "max_drawdown_p50": -0.18693797968132597,
      "max_drawdown_p95": -0.09557239236002857,
      "positive_return_probability": 0.9375,
      "positive_sharpe_probability": 0.9375,
      "annualized_excess_return_p50": NaN
    },
    {
      "method": "monte_carlo",
      "scenario_key": "garch_stress_1_5xvol",
      "description": "Moderate stress Monte Carlo with 1.5x conditional volatility on top of the calibrated GARCH path.",
      "classification": "core",
      "requirement_section": "Part 4 - Stochastic Robustness",
      "path_count": 2000,
      "annualized_return_p05": -0.18882526328726712,
      "annualized_return_p50": 0.0775771932809598,
      "annualized_return_p95": 0.38789563811545724,
      "annualized_volatility_p50": 0.3188782885261333,
      "sharpe_p05": -0.4967866222331673,
      "sharpe_p50": 0.2500833757163337,
      "sharpe_p95": 1.2829431427894031,
      "max_drawdown_p05": -0.7961371868966518,
      "max_drawdown_p50": -0.4537347784805978,
      "max_drawdown_p95": -0.2188049267541766,
      "positive_return_probability": 0.6885,
      "positive_sharpe_probability": 0.6885,
      "annualized_excess_return_p50": NaN
    },
    {
      "method": "monte_carlo",
      "scenario_key": "garch_stress_2xvol",
      "description": "Severe stress Monte Carlo with 2x conditional volatility on top of the calibrated GARCH path.",
      "classification": "stress_only",
      "requirement_section": "Part 4 - Stochastic Robustness",
      "path_count": 2000,
      "annualized_return_p05": -0.9837635774192948,
      "annualized_return_p50": -0.3103907044456782,
      "annualized_return_p95": 0.4687660712333672,
      "annualized_volatility_p50": 0.9092249685963238,
      "sharpe_p05": -0.7150655963657742,
      "sharpe_p50": -0.3136656446694054,
      "sharpe_p95": 0.6625303580173981,
      "max_drawdown_p05": -0.9999999995876924,
      "max_drawdown_p50": -0.9584144099567207,
      "max_drawdown_p95": -0.5068186078561963,
      "positive_return_probability": 0.2505,
      "positive_sharpe_probability": 0.2505,
      "annualized_excess_return_p50": NaN
    }
  ]
}