,v0,v1,net_flow,pnl,return_pct
Consumer Staples,262866.2864,470883.7088,190087.17609999998,17930.246300000057,0.0395851843168106
Health Care,293180.4521,284894.7169,-16464.9151,8179.179900000003,0.027898107944830483
Utilities,392788.802,195904.6334,-194264.8845,-2619.284100000048,-0.006668428648330071
