,v0,v1,net_flow,pnl,return_pct
Consumer Staples,249007.0742,280123.5553,20562.994500000004,10553.4866,0.03914932637326586
Health Care,292489.6125,283903.2579,-16300.0949,7713.740300000038,0.026372698278302235
Utilities,400071.8553,361480.29839999997,-23657.177999999996,-14934.378900000029,-0.03732924149038491
