,v0,v1,net_flow,pnl,return_pct
Consumer Staples,251635.943,287453.7176,25091.897199999996,10725.87739999998,0.038759661450210606
Health Care,286410.8104,283896.798,-10347.249200000002,7833.236799999995,0.027349654815962195
Utilities,404076.7286,354753.5989,-35073.7054,-14249.424299999991,-0.03526415477914259
