,v0,v1,net_flow,pnl,return_pct
Utilities,308329.1835,758012.3667,0,449683.1832,1.4584515746950046
Health Care,292825.9972,419687.7696,0,126861.77240000002,0.4332326146348048
Consumer Staples,381282.8932,381776.6193,0,493.72610000002896,0.001294907557630831
