,1-month,3-months,6-months,1-year,2-years,3-years,Total
Portfolio Return,-0.052803,0.067063,0.070164,0.139953,0.297817,0.411925,0.576665
Portfolio Volatility,0.12913,0.110758,0.098136,0.11587,0.10741,0.100228,0.112915
Benchmark Return,-0.086245,-0.066057,-0.029055,0.145569,0.211534,0.508787,0.466023
Benchmark Volatility,0.163943,0.130337,0.120454,0.160499,0.142313,0.130617,0.148296
Alpha,0.033442,0.13312000000000002,0.099219,-0.00561600000000001,0.086283,-0.096862,0.11064199999999996
