,1-month,3-months,6-months,1-year,2-years,3-years,Total
Portfolio Return,-0.041492,0.082997,0.082692,0.139138,0.300134,0.428941,0.60501
Portfolio Volatility,0.12707,0.111491,0.101255,0.118749,0.110558,0.102939,0.114952
Benchmark Return,-0.086245,-0.066057,-0.029055,0.145569,0.211534,0.508787,0.466023
Benchmark Volatility,0.163943,0.130337,0.120454,0.160499,0.142313,0.130617,0.148296
Alpha,0.044753,0.14905400000000002,0.111747,-0.006430999999999992,0.08860000000000001,-0.07984599999999997,0.13898700000000003
