,v0,v1,net_flow,pnl,return_pct
Utilities,305632.8466,850556.4834,0,544923.6368,1.7829354497135388
Health Care,292706.4485,406214.346,0,113507.89750000002,0.3877874849757539
Consumer Staples,382273.0078,328792.6751,0,-53480.33270000003,-0.13990088656215088
