,v0,v1,net_flow,pnl,return_pct
Utilities,251488.1977,725406.7811,0,473918.5834,1.8844565579389017
Health Care,293396.0976,298248.28969999996,0,4852.192099999986,0.01653802535102289
Consumer Staples,437822.6417,445037.124,0,7214.482300000032,0.016478093211413813
