,1-month,3-months,6-months,1-year,2-years,3-years,Total
Portfolio Return,-0.05386,0.056918,0.061498,0.122655,0.275049,0.377689,0.484356
Portfolio Volatility,0.129569,0.108983,0.095091,0.112619,0.103808,0.097145,0.108778
Benchmark Return,-0.086245,-0.066057,-0.029055,0.145569,0.211534,0.508787,0.466023
Benchmark Volatility,0.163943,0.130337,0.120454,0.160499,0.142313,0.130617,0.148296
Alpha,0.032385000000000004,0.122975,0.090553,-0.022914000000000004,0.06351499999999999,-0.131098,0.018332999999999988
