benchmark,available,strategy_annual_return,benchmark_annual_return,excess_annual_return,tracking_error,information_ratio,correlation,beta,alpha
equal_weight_universe,True,0.16238998136516436,0.1972090574222869,-0.034053017221579385,0.05723159219073707,-0.5950038417259141,0.9326216262487824,0.7993421725199642,0.004752464964619174
sp500,True,0.15952606658238166,0.11859125969637696,0.029297065090537533,0.09373207830877228,0.3125617784130116,0.7958588690616102,0.6824921717052767,0.07858846020693691
