,v0,v1,net_flow,pnl,return_pct
Utilities,319779.2622,539576.0538999999,0,219796.79169999994,0.687339104443027
Health Care,291857.9319,444384.7181,0,152526.78619999997,0.5226062735627846
Consumer Staples,368094.189,505867.7668,0,137773.57779999997,0.3742889236428559
