,1-month,3-months,6-months,1-year,2-years,3-years,Total
Portfolio Return,-0.05767,0.052908,0.061627,0.097885,0.258561,0.32545,0.508404
Portfolio Volatility,0.120315,0.111742,0.102203,0.121613,0.113926,0.106729,0.11774
Benchmark Return,-0.086245,-0.066057,-0.029055,0.145569,0.211534,0.508787,0.466023
Benchmark Volatility,0.163943,0.130337,0.120454,0.160499,0.142313,0.130617,0.148296
Alpha,0.028575000000000003,0.118965,0.090682,-0.047684000000000004,0.047026999999999985,-0.18333699999999997,0.042380999999999946
