,1-month,3-months,6-months,1-year,2-years,3-years,5-years,Total
Portfolio Return,-0.020773,0.037266,0.05112,0.155148,0.26201,0.288479,0.453813,0.456169
Portfolio Volatility,0.111705,0.104549,0.094419,0.10304,0.103522,0.097822,0.109091,0.109012
Benchmark Return,-0.033994,-0.03389,-3e-05,0.299481,0.279031,0.539671,0.45955,0.45955
Benchmark Volatility,0.169638,0.129936,0.118561,0.123596,0.128119,0.119578,0.137012,0.137061
Alpha,0.013221000000000004,0.071156,0.05115,-0.144333,-0.017020999999999953,-0.251192,-0.005736999999999992,-0.003381000000000023
