,1-month,3-months,6-months,1-year,2-years,3-years,5-years,Total
Portfolio Return,-0.055485,0.037632,0.055774,0.110032,0.254535,0.324462,0.479752,0.479752
Portfolio Volatility,0.119962,0.106643,0.093996,0.112041,0.103052,0.097529,0.108567,0.108567
Benchmark Return,-0.056825,-0.017652,0.008234,0.197753,0.272661,0.541082,0.464738,0.464738
Benchmark Volatility,0.167305,0.129905,0.117717,0.13924,0.127833,0.119317,0.137061,0.137061
Alpha,0.001340000000000001,0.055284,0.04754,-0.08772100000000001,-0.018125999999999975,-0.21661999999999998,0.015014000000000027,0.015014000000000027
