,v0,v1,net_flow,pnl,return_pct
Health Care,293161.4159,393108.6177,-73648.79389999998,173595.99569999997,0.5921515802721293
Consumer Staples,374713.816,390632.1023,-161043.29400000005,176961.5803000001,0.4722579545879357
Utilities,315104.9513,814521.0927,240887.9417,258528.19970000003,0.4649847200474917
