,1-month,3-months,6-months,1-year,2-years,3-years,Total
Portfolio Return,-0.049556,0.069575,0.071308,0.14037,0.298207,0.415038,0.559347
Portfolio Volatility,0.13028,0.111045,0.098601,0.115579,0.107455,0.100194,0.112431
Benchmark Return,-0.086245,-0.066057,-0.029055,0.145569,0.211534,0.508787,0.466023
Benchmark Volatility,0.163943,0.130337,0.120454,0.160499,0.142313,0.130617,0.148296
Alpha,0.036689,0.135632,0.100363,-0.005199000000000009,0.086673,-0.09374899999999997,0.09332400000000002
