,1-month,3-months,6-months,1-year,2-years,3-years,5-years,Total
Portfolio Return,-0.05583,0.036406,0.052775,0.103529,0.237677,0.288837,0.410685,0.410685
Portfolio Volatility,0.120257,0.106639,0.093856,0.111773,0.102906,0.097457,0.108358,0.108358
Benchmark Return,-0.056825,-0.017652,0.008234,0.197753,0.272661,0.541082,0.464738,0.464738
Benchmark Volatility,0.167305,0.129905,0.117717,0.13924,0.127833,0.119317,0.137061,0.137061
Alpha,0.0009950000000000028,0.054058,0.044541000000000004,-0.09422400000000002,-0.03498399999999999,-0.25224499999999994,-0.05405299999999996,-0.05405299999999996
