,1-month,3-months,6-months,1-year,2-years,3-years,Total
Portfolio Return,-0.049224,0.071252,0.074531,0.147017,0.315142,0.444151,0.614853
Portfolio Volatility,0.130135,0.111266,0.098768,0.115835,0.107605,0.100379,0.112692
Benchmark Return,-0.086245,-0.066057,-0.029055,0.145569,0.211534,0.508787,0.466023
Benchmark Volatility,0.163943,0.130337,0.120454,0.160499,0.142313,0.130617,0.148296
Alpha,0.037021000000000005,0.13730900000000001,0.103586,0.0014480000000000048,0.10360799999999998,-0.06463599999999997,0.14882999999999996
