,v0,v1,net_flow,pnl,return_pct
Health Care,291979.5863,379023.177,-70612.08420000001,157655.6749,0.5399544430411435
Utilities,314123.0524,784524.8769,232573.2208,237828.60370000004,0.43502876342636837
Consumer Staples,373490.75549999997,376358.0867,-156700.22499999998,159567.5562,0.4272329471351534
