,1-month,Total
Portfolio Return,-0.291586,-0.292611
Portfolio Volatility,0.759463,0.742619
Benchmark Return,-0.306559,-0.315157
Benchmark Volatility,0.624684,0.610675
Alpha,0.014973000000000014,0.02254600000000001
Sharpe Ratio,-0.38393707132539706,-0.39402573863582807
