,v0,v1,net_flow,pnl,return_pct
Consumer Staples,235667.4608,186578.5966,-5441.790500000003,-43647.07370000001,-0.18520619499966204
Health Care,274636.0767,213393.2366,8459.1745,-69702.01459999997,-0.24621400148728445
Utilities,415785.1306,285981.3616,11915.1781,-141718.94709999996,-0.33135105169962664
