,1-month,Total
Portfolio Return,-0.303191,-0.304622
Portfolio Volatility,0.759642,0.742828
Benchmark Return,-0.306559,-0.315157
Benchmark Volatility,0.624684,0.610675
Alpha,0.0033680000000000376,0.010535000000000017
