,v0,v1,net_flow,pnl,return_pct
Consumer Staples,235761.8792,180992.12780000002,-12134.7864,-42634.96499999998,-0.18083909555128785
Health Care,275219.4031,213229.5189,8036.5624000000025,-70026.4466,-0.24721967100106845
Utilities,415563.3679,290210.4833,18558.355499999998,-143911.2401,-0.3314997438342888
