,v0,v1,net_flow,pnl,return_pct
Consumer Staples,275218.5409,193643.8981,-39311.3924,-42263.25040000003,-0.1535625116745179
Health Care,272381.7403,215305.2495,7812.229399999996,-64888.720199999996,-0.23158499902576593
Utilities,377230.5842,286593.9607,46352.5273,-136989.1508,-0.3234056011225084
