,1-month,Total
Portfolio Return,-0.304525,-0.306036
Portfolio Volatility,0.762826,0.745921
Benchmark Return,-0.312927,-0.320953
Benchmark Volatility,0.663935,0.649017
Alpha,0.00840200000000002,0.014917000000000014
