,1-month,3-months,6-months,1-year,2-years,3-years,Total
Portfolio Return,-0.051531,0.066667,0.071086,0.143465,0.299578,0.414679,0.578436
Portfolio Volatility,0.130146,0.111342,0.098703,0.115458,0.107415,0.100483,0.112496
Benchmark Return,-0.086245,-0.066057,-0.029055,0.145569,0.211534,0.508787,0.466023
Benchmark Volatility,0.163943,0.130337,0.120454,0.160499,0.142313,0.130617,0.148296
Alpha,0.034714,0.132724,0.100141,-0.0021039999999999948,0.08804400000000001,-0.09410799999999997,0.11241299999999993
