,v0,v1,net_flow,pnl,return_pct
Health Care,292603.0615,370459.7756,-85416.93050000005,163273.64460000003,0.5580038833599149
Consumer Staples,367081.6962,391934.8395,-141831.5545,166684.6978,0.454080657045847
Utilities,321586.7557,799060.6369,233865.1437,243608.73750000008,0.43857755777439345
