,v0,v1,net_flow,pnl,return_pct
Health Care,292771.1376,381182.6181,-75180.86960000002,163592.35010000004,0.5587721229662634
Consumer Staples,379679.8139,371158.504,-187029.692,178508.38210000002,0.47015505055798285
Utilities,308842.5736,821606.3173999999,268170.28919999994,244593.4546,0.4238960175221938
