,1-month,3-months,6-months,1-year,2-years,3-years,Total
Portfolio Return,-0.072798,0.03002,0.052562,0.094179,0.190582,0.239489,0.368094
Portfolio Volatility,0.115262,0.104606,0.092016,0.109881,0.102108,0.097269,0.107619
Benchmark Return,-0.09074,-0.058118,-0.02006,0.157828,0.226898,0.501617,0.412068
Benchmark Volatility,0.155467,0.125632,0.114879,0.138232,0.127449,0.119015,0.136925
Alpha,0.017942,0.08813800000000001,0.07262199999999999,-0.063649,-0.03631599999999999,-0.26212799999999997,-0.04397400000000001
