Metric,Point Estimate,CI Lower (95%),CI Upper (95%),P(Metric > 0)
Sharpe Ratio,0.9028886861269535,-0.28649724589658304,2.2210219413605334,0.9288
Annualised Return,0.1978005880895395,-0.032311173674413565,0.4775765796278372,
Annualised Volatility,0.17313083465099602,0.14632023132383004,0.2089205916454978,
Max Drawdown,-0.18402453719375278,-0.3349196406297783,-0.08754584520993183,
