Factor,Coefficient,t-stat,p-value
Alpha (annualised),-0.07634699573139987,-1.8022685854535303,0.07150315854406186
Mkt-RF,0.801949649277218,26.736122950944647,1.790550937926424e-157
SMB,0.12103807993033297,3.204000375411079,0.0013553229995161504
HML,0.5620133321118517,13.663594218839343,1.6750745327642763e-42
RMW,-0.10587040138014706,-2.542286288264779,0.01101299268066193
CMA,0.05193210827684863,0.9816031803289834,0.32629538008762393
