Strategy Sharpe,Random Mean,Random Std,Percentile Rank,P(Random Beats)
0.34545237014039526,0.7435309903159388,0.48913571192708644,11.44,0.8856
