Strategy Sharpe,Random Mean,Random Std,Percentile Rank,P(Random Beats)
0.9028886861269535,1.3586801621158617,0.5608997309074484,25.009999999999998,0.7499
