portfolio,total_return,annualised_return,annualised_volatility,sharpe_ratio,sortino_ratio,max_drawdown,calmar_ratio,skewness,kurtosis,trading_days,benchmark_return,active_return,tracking_error,information_ratio,period,period_type
2023,0.06630080821263729,0.16158962105204155,0.14708761452784438,0.8244558997590222,1.640765569849875,-0.11923089847799064,1.3552663203479096,0.8525425980004854,2.095178396957341,108,0.09625759310107007,0.06533202795097148,0.09857315191534927,0.6766276485800625,2023,year
2024,0.11635326844405802,0.1130372825344308,0.1285683665136165,0.5920547576756044,0.89400717179691,-0.0890330713418439,1.2696100542283029,0.05992540319925454,2.670330554175365,259,0.23309002343423724,-0.12005274089980644,0.10183343149990398,-0.9850618738951679,2024,year
2025,0.023808653464480578,0.02324857749405629,0.16993326794999436,-0.0105851930916063,-0.013108569828609461,-0.19495579960236187,0.11925050468606134,-0.5021599230066917,9.548708851300882,258,0.17475525707342454,-0.15150667957936825,0.11460035963175803,-1.1952026416159955,2025,year
2023-2025 (Rates Normalisation),0.21870946094226862,0.08301620169403412,0.14982202134661152,0.34545237014039526,0.4767457253335411,-0.21292487864766374,0.3898849313489793,-0.16060065465735346,7.542806385393586,625,0.18424184562867496,-0.10122564393464084,0.10664982047800825,-0.8081145319772791,2023-2025 (Rates Normalisation),regime
Full Period,0.21870946094226862,0.08301620169403412,0.14982202134661152,0.34545237014039526,0.4767457253335411,-0.21292487864766374,0.3898849313489793,-0.16060065465735346,7.542806385393586,625,0.18424184562867496,-0.10122564393464084,0.10664982047800825,-0.8081145319772791,Full,full
