portfolio,total_return,annualised_return,annualised_volatility,sharpe_ratio,sortino_ratio,max_drawdown,calmar_ratio,skewness,kurtosis,trading_days,benchmark_return,active_return,tracking_error,information_ratio,avg_quarterly_turnover,annual_turnover,cumulative_cost,max_turnover,min_turnover,n_rebalances
combined_equal_weight,0.21870946094226862,0.08301620169403412,0.14982202134661152,0.34545237014039526,0.4767457253335411,-0.21292487864766374,0.3898849313489793,-0.16060065465735346,7.542806385393586,625,0.18424184562867496,-0.10122564393464084,0.10664982047800825,-0.8081145319772791,0.43058008841599965,1.7223203536639986,0.010764502210399991,0.6511627906976742,0.22185450557823383,10
combined_score_weight,0.2118258492523184,0.08054558582337101,0.1500855061665911,0.3298941715916795,0.45477421515436595,-0.2138276705858176,0.37668457783177717,-0.1733774788106193,7.509318682551319,625,0.18424184562867496,-0.10369625980530395,0.1066146411826458,-0.8301093568208959,0.42978570892056017,1.7191428356822407,0.010744642723014003,0.6542256984160861,0.22265327232090254,10
combined_inverse_volatility,0.30797604867267436,0.11432798100797092,0.13918084556987598,0.5657201046197315,0.7780723449363732,-0.18623264784701551,0.6138987032063674,-0.30176801048469587,7.635893972520213,625,0.18424184562867496,-0.06991386462070404,0.10888613618261644,-0.5338754733730996,0.4027790237919298,1.6111160951677193,0.010069475594798247,0.5974488266462383,0.2189189634153318,10
