test_key,scenario_key,title,implementation_status,evidence_note,path_count,annualized_return_p05,annualized_return_p25,annualized_return_p50,annualized_return_p75,annualized_return_p95,sharpe_p05,sharpe_p25,sharpe_p50,sharpe_p75,sharpe_p95,max_drawdown_p05,max_drawdown_p25,max_drawdown_p50,max_drawdown_p75,max_drawdown_p95,positive_return_probability,positive_sharpe_probability,annualized_excess_return_p50,probability_sharpe_gt_0_50,probability_ann_return_gt_primary_benchmark,sharpe_cvar_5pct
test_10,cost_multiplier_sigma_30pct,Monte Carlo Cost Perturbation (sigma 30%),completed,"Matches the requirement-sheet Monte Carlo cost perturbation with realized cost multiplier epsilon ~ N(0, 0.3^2).",10000,0.12325786681060193,0.12364111652556431,0.12391214964664854,0.12417496921764665,0.12455288994825446,0.7662445360177745,0.7685927412989487,0.7702645034539688,0.7719055771433287,0.7742878179814682,-0.17235606885089189,-0.17177558300197307,-0.17137094101937672,-0.17096132465271488,-0.17038400015566124,1.0,1.0,0.016354370834649523,1.0,1.0,0.7652117858654572
test_10,cost_multiplier_sigma_50pct,Monte Carlo Cost Perturbation (sigma 50%),completed,Stress version of Test 10 using wider cost multiplier dispersion.,10000,0.12282476510983421,0.1234498472492358,0.12389324725310957,0.12431759680058385,0.1249483477652742,0.7634286070954626,0.7673924214358748,0.7701452231784197,0.7728065799571386,0.7767183744843145,-0.17298217966120322,-0.17203778257735527,-0.17137479067838407,-0.17070905882134138,-0.1698145421310164,1.0,1.0,0.016335468441110557,,,
test_10,flat_extra_25bps,Flat +25bps Execution Drag,completed,Requirement-sheet style cost robustness using turnover-linked 25bps incremental drag.,10000,0.1145215599894287,0.1145215599894287,0.1145215599894287,0.1145215599894287,0.1145215599894287,0.7124488804151942,0.7124488804151942,0.7124488804151942,0.7124488804151942,0.7124488804151942,-0.17706664530669614,-0.17706664530669614,-0.17706664530669614,-0.17706664530669614,-0.17706664530669614,1.0,1.0,0.006963781177429684,,,
