,1-month,3-months,6-months,1-year,2-years,3-years,Total
Portfolio Return,-0.049104,0.066268,0.068911,0.129179,0.288293,0.39672,0.534419
Portfolio Volatility,0.129986,0.111244,0.098875,0.116326,0.108209,0.101149,0.113651
Benchmark Return,-0.086245,-0.066057,-0.029055,0.145569,0.211534,0.508787,0.466023
Benchmark Volatility,0.163943,0.130337,0.120454,0.160499,0.142313,0.130617,0.148296
Alpha,0.037141,0.132325,0.097966,-0.016390000000000016,0.07675900000000002,-0.11206699999999997,0.06839599999999996
