,v0,v1,net_flow,pnl,return_pct
Utilities,315079.6363,778952.7539,0,463873.1176,1.4722408691570525
Health Care,293098.1402,394087.4291,0,100989.28889999999,0.34455793145288605
Consumer Staples,373723.8968,343716.9195,0,-30006.97729999997,-0.08029183457877284
