,v0,v1,net_flow,pnl,return_pct
Utilities,308609.7387,580973.6502,88710.3327,183653.57880000005,0.46223081092499785
Consumer Staples,377256.7733,435203.5059,-108425.56849999995,166372.30109999992,0.4410054712727405
Health Care,292236.7413,419999.0764,25657.56369999997,102104.77140000006,0.3211909423794178
