,1-month,3-months,6-months,1-year,2-years,3-years,5-years,Total
Portfolio Return,-0.057452,0.033618,0.051701,0.102309,0.235171,0.281272,0.414448,0.414448
Portfolio Volatility,0.118317,0.106259,0.094351,0.111925,0.103549,0.098278,0.109288,0.109288
Benchmark Return,-0.056825,-0.017652,0.008234,0.197753,0.272661,0.541082,0.464738,0.464738
Benchmark Volatility,0.167305,0.129905,0.117717,0.13924,0.127833,0.119317,0.137061,0.137061
Alpha,-0.0006270000000000026,0.05127,0.043467,-0.09544400000000001,-0.037489999999999996,-0.25980999999999993,-0.05029,-0.05029
