,1-month,3-months,6-months,1-year,2-years,3-years,5-years,Total
Portfolio Return,-0.055369,0.040179,0.058272,0.114741,0.252694,0.314252,0.466918,0.466918
Portfolio Volatility,0.119301,0.106564,0.093996,0.112269,0.103575,0.097925,0.108748,0.108748
Benchmark Return,-0.056825,-0.017652,0.008234,0.197753,0.272661,0.541082,0.464738,0.464738
Benchmark Volatility,0.167305,0.129905,0.117717,0.13924,0.127833,0.119317,0.137061,0.137061
Alpha,0.001455999999999999,0.057831,0.050038,-0.08301200000000002,-0.019967000000000013,-0.22682999999999998,0.0021800000000000153,0.0021800000000000153
