,1-month,3-months,6-months,1-year,2-years,3-years,5-years,Total
Portfolio Return,-0.055242,0.037663,0.054943,0.107281,0.248842,0.31306,0.457706,0.457706
Portfolio Volatility,0.120442,0.106712,0.094221,0.112248,0.103316,0.09778,0.108849,0.108849
Benchmark Return,-0.056825,-0.017652,0.008234,0.197753,0.272661,0.541082,0.464738,0.464738
Benchmark Volatility,0.167305,0.129905,0.117717,0.13924,0.127833,0.119317,0.137061,0.137061
Alpha,0.001583000000000001,0.055315,0.046709,-0.09047200000000001,-0.02381899999999998,-0.22802199999999995,-0.007031999999999983,-0.007031999999999983
