,1-month,3-months,6-months,1-year,2-years,3-years,5-years,Total
Portfolio Return,-0.055213,0.037919,0.054409,0.108585,0.253835,0.323496,0.466831,0.466831
Portfolio Volatility,0.120572,0.107065,0.094378,0.112303,0.103292,0.097693,0.108915,0.108915
Benchmark Return,-0.056825,-0.017652,0.008234,0.197753,0.272661,0.541082,0.464738,0.464738
Benchmark Volatility,0.167305,0.129905,0.117717,0.13924,0.127833,0.119317,0.137061,0.137061
Alpha,0.0016120000000000023,0.055571,0.046175,-0.08916800000000001,-0.01882600000000001,-0.21758599999999995,0.0020930000000000115,0.0020930000000000115
