,1-month,3-months,6-months,1-year,2-years,3-years,5-years,Total
Portfolio Return,-0.05477,0.036203,0.053982,0.10539,0.250603,0.32258,0.463998,0.463998
Portfolio Volatility,0.122164,0.107251,0.093373,0.111297,0.101683,0.096396,0.107159,0.107159
Benchmark Return,-0.056825,-0.017652,0.008234,0.197753,0.272661,0.541082,0.464738,0.464738
Benchmark Volatility,0.167305,0.129905,0.117717,0.13924,0.127833,0.119317,0.137061,0.137061
Alpha,0.0020550000000000013,0.053855,0.045748000000000004,-0.09236300000000001,-0.022057999999999967,-0.21850199999999997,-0.0007399999999999629,-0.0007399999999999629
