,1-month,3-months,6-months,1-year,2-years,3-years,5-years,Total
Portfolio Return,-0.055587,0.03724,0.054831,0.107918,0.248871,0.31222,0.45601,0.45601
Portfolio Volatility,0.120047,0.106644,0.093927,0.111901,0.102983,0.097491,0.108493,0.108493
Benchmark Return,-0.056825,-0.017652,0.008234,0.197753,0.272661,0.541082,0.464738,0.464738
Benchmark Volatility,0.167305,0.129905,0.117717,0.13924,0.127833,0.119317,0.137061,0.137061
Alpha,0.001238000000000003,0.054892,0.046597,-0.08983500000000001,-0.023789999999999978,-0.22886199999999995,-0.008727999999999958,-0.008727999999999958
